분류,용어,한자/영문,정의,관련공종,검증등급
공정단계,소조립,小組立 / Sub-assembly,최소 2 Piece 이상의 부재를 결합해 부분 구조체를 만드는 단계. 거더·플로어·웹·론지·브라켓 생산,전공정,E
공정단계,중조립,中組立 / Semi-block assembly,소조품과 판을 결합해 평블록을 만드는 단계. 선체 중앙부 평블록·외판·격벽,전공정,E
공정단계,대조립,大組立 / Grand assembly,입체화된 블록을 만드는 단계. 선수·선미·엔진룸·데크하우스·곡블록,전공정,E
공정단계,PE,Pre-Erection,도크 탑재 전 지상에서 블록을 미리 대조합하는 단계,반출 후,E
공정단계,탑재,搭載 / Erection,도크에서 블록을 선체로 조립하는 단계,반출 후,E
공정단계,전처리,Pre-treatment,강재 표면을 쇼트블라스트 후 프라이머 도장하는 공정,입고 전,E
공정단계,가공,加工 / Fabrication,NC 절단·개선가공·벤딩·프레스·롤링으로 부재를 만드는 공정,입고 전,E
공종,배재,配材,부재를 정반 위 도면상 위치로 배치·공급하는 작업. 결품이 처음 드러나는 지점,배재,G
공종,취부,取付 / Fit-up,부재를 도면 위치에 맞춰 맞대고 가용접으로 고정하는 작업,취부,E
공종,용접,溶接 / Welding,본용접. 조선 조립에서는 FCAW 반자동이 주력,용접,E
공종,사상,仕上 / Grinding,용접비드·스패터·슬래그·지그 제거부를 정리하고 도장 전 표면을 만드는 작업,사상,G
공종,곡직,曲直 / Line heating,가스 가열로 잔류응력을 완화하고 용접 변형을 교정하는 작업,곡직,E
공종,정도관리,精度管理 / Accuracy Control,블록의 치수·형상을 계측하고 관리하는 체계,정도,E
공종,검사신청,檢査申請,검사 대상 부위에 대해 입회검사를 신청하는 행위. 당일검사완료율 분모의 원천,검사,G
공종,검사대응,檢査對應,입회검사 현장에서 지적 대응·보수·재검을 처리하는 업무,검사,G
용접법,FCAW,Flux Cored Arc Welding,내부에 플럭스가 채워진 와이어(FCW)를 일정 속도로 공급하며 용접하는 아크용접. 조선 주력,용접,E
용접법,GMAW,Gas Metal Arc Welding,보호가스와 솔리드 와이어를 쓰는 아크용접. 현장 통칭 CO2 용접,용접,E
용접법,SMAW,Shielded Metal Arc Welding,피복아크용접. 현장 통칭 전기용접. 보수·가용접·접근곤란부,용접,E
용접법,SAW,Submerged Arc Welding,잠호용접. 플럭스 아래에서 용접. 패널라인 장직선 적용,용접,E
용접법,편면용접,One-side welding,이면에 백킹재를 두고 한쪽에서만 용접해 이면 비드를 형성하는 기법,용접,E
설비,오토캐리지,Auto Carriage,레일 또는 자석 주행으로 이음선을 따라가며 자동 용접하는 주행형 자동용접기,용접,E
설비,비용접부,Non-welded portion,오토캐리지 용접의 시작·끝 부분. 자동화가 매우 어려워 수동 보정이 필요한 구간,용접,E
설비,용접로봇,Welding Robot,소조립 라인에 주로 적용되는 다관절 자동용접 설비,용접,G
설비,가우징,Gouging,결함부나 이면을 파내는 작업. 에어아크 가우징이 일반적,사상/용접,E
설비,O.H.C,Over Head Crane / 천장크레인,공장 상부 평행 레일 위를 주행하는 브리지형 크레인. 실내 양중 전담,양중,E
설비,골리앗 크레인,Goliath / Gantry Crane,지상 레일 위 다리 구조로 주행하는 대형 크레인. 도크·PE장 사용,양중,E
설비,세미골리앗,Semi-goliath,한쪽은 지상 레일 한쪽은 상부 레일로 주행하는 크레인,양중,E
설비,트롤리,Trolley / 크래브,크레인 거더 위를 횡행하며 호이스트를 실은 대차,양중,E
설비,호이스트,Hoist,권상 장치. 실제로 물건을 들어올리는 부분,양중,E
설비,SWL,Safe Working Load / 정격하중,크레인·인양구가 안전하게 다룰 수 있는 최대 하중,양중,E
설비,러그,Lug,인양용으로 블록에 용접하는 귀. 작업 후 제거·사상. 파단 시 낙하 사고로 직결,양중,G
설비,샤클,Shackle,와이어와 러그를 연결하는 인양 부속구,양중,E
설비,스프레더,Spreader,하중을 분산하고 자세를 유지하는 인양 지그,양중,G
설비,신호수,Signalman,크레인 작업을 유도하는 배치 인력,양중,G
설비,트랜스포터,Transporter / T·P,야드에서 블록을 실어 옮기는 자주식 다축 대차,반출,E
설비,턴오버 장치,Turnover device,블록을 반전시키는 전용 설비. 크레인 2대 합체 양중을 대체,반출,E
설비,포지셔너,Positioner,블록을 회전·경전시켜 용접 자세를 개선하는 설비,용접,E
정반,정반,定盤 / Platen,블록을 올려 조립하는 작업 기준면. 치수의 datum 역할. 평탄도가 블록 정도로 전이됨,전공종,E
정반,고정정반,Fixed platen,블록을 셋업 후 완성까지 이동 없이 고정하는 정반. 통상 핀지그 형태,취부/용접,E
정반,핀지그,Pin Jig,수직 스크류 잭(핀) 배열로 곡면 형상을 만들어 곡블록을 지지하는 정반. 레벨·각도 조절로 변형 최소화,취부/용접,E
정반,라인정반,Line Platen,평정반을 일렬 배치해 스테이션별 흐름 생산을 하는 방식. 택트타임 관리 대상,전공종,G
정반,패널라인,Panel Line,평판에 론지를 자동 용접하는 전용 라인. 중조립의 자동화 구간,중조립,G
정반,셋업,Set-up,핀지그 핀 높이·각도를 형상 데이터에 맞춰 맞추는 준비 작업. 셋업 시간이 실질 능력을 깎음,취부,G
정반,정반 회전율,Platen turnover rate,기간 내 완료 블록 수 ÷ 정반 수. 고정정반 공장의 핵심 능력 지표,생산관리,G
정반,택트타임,Tact time,라인정반 각 스테이션에 할당된 목표 소요시간,생산관리,E
취부,루트 갭,Root Gap / 개선 간격,맞대기 이음의 틈. 승인 WPS 지정값을 따르며 통상 지정 갭의 2배를 넘지 않아야 함,취부,E
취부,하이로,Hi-Lo / 단차,맞댄 두 판의 면 어긋남. 응력집중과 검사 지적의 원인,취부,E
취부,개선,Groove,용접을 위해 가공한 홈. 각도·형상이 용입을 결정,취부,E
취부,개선각,Bevel Angle,개선 가공의 각도,취부,E
취부,가용접,Tack weld,본용접까지 이음을 정위치에 붙잡는 임시 용접. 길이·피치·품질 모두 관리 대상,취부,E
취부,스트롱백,Strong back,판의 단차·벌어짐을 잡는 임시 보강재. 본용접 후 제거·사상,취부,G
취부,이렉션 피스,Erection Piece / 도그 피스,부재를 당기거나 밀어 위치를 잡는 임시 조각. 제거부 사상 누락이 검사 지적 단골,취부,G
취부,쐐기,Wedge,틈을 벌리거나 위치를 맞출 때 박아 쓰는 쇠붙이,취부,G
취부,서포트,Support,부재를 받쳐 자세를 유지하는 임시 지지물,취부,G
취부,턴버클,Turnbuckle,나사로 길이를 조절해 부재를 당기는 공구,취부,G
용접품질,각장,Leg Length,필렛 용접의 다리 길이. 부족하면 강도 미달,용접,E
용접품질,언더컷,Undercut,용접 경계에서 모재가 파인 결함,용접,E
용접품질,오버랩,Overlap,비드가 모재 위로 겹쳐 융합되지 않은 결함,용접,E
용접품질,기공,Porosity,용접부 내부에 생긴 공기구멍,용접,E
용접품질,슬래그 혼입,Slag inclusion,슬래그가 용접부에 갇힌 결함,용접,E
용접품질,융합불량,Lack of Fusion,모재와 용착금속이 붙지 않은 결함,용접,E
용접품질,용입부족,Incomplete Penetration,용접 깊이가 부족한 결함,용접,E
용접품질,용락,Burn through,과대 갭·과다 입열로 용융금속이 흘러내려 구멍이 나는 현상,용접,E
용접품질,백비드,Back bead,이면(반대쪽)에 형성되는 용접 비드,용접,G
용접품질,백가우징,Back gouging,이면 결함부를 파내고 재용접 준비하는 작업,용접,E
용접품질,세라믹 백킹,Ceramic Backing,편면용접에서 이면을 받쳐 비드를 형성시키는 재료,용접,E
용접품질,입열량,Heat Input,용접 시 투입되는 열량. 과대하면 변형·재질 열화,용접,E
용접품질,예열,Preheat,용접 전 모재를 가열하는 처리. 고장력강·후판에 요구,용접,E
용접품질,층간온도,Interpass temperature,다층 용접에서 각 층 사이 유지 온도,용접,E
용접품질,WPS,Welding Procedure Specification,용접절차서. 갭·전류·속도·자세 등을 규정,용접,E
용접품질,PQR,Procedure Qualification Record,용접절차검정기록,용접,E
용접자세,아래보기,F / Flat,가장 쉬운 자세. 불량률 낮음,용접,E
용접자세,수평,H / Horizontal,중간 난이도 자세,용접,E
용접자세,수직,V / Vertical,난이도 높은 자세,용접,E
용접자세,위보기,OH / Overhead,가장 난이도 높은 자세. 공수와 불량률이 동시에 상승,용접,E
검사,VT,Visual Test,육안 외관검사,검사,E
검사,MT,Magnetic Particle Test,자분탐상검사. 표면·근표면 결함,검사,E
검사,PT,Penetrant Test,침투탐상검사. 표면 결함,검사,E
검사,UT,Ultrasonic Test,초음파탐상검사. 내부 결함,검사,E
검사,RT,Radiographic Test,방사선투과검사. 구역 통제·야간 작업 필요로 공정 간섭 큼,검사,E
검사,NDT,Non-Destructive Test,비파괴검사 총칭,검사,E
검사,취부검사,Fit-up inspection,본용접 전 갭·하이로·개선·위치를 확인하는 검사,검사,G
검사,내부검사,Internal inspection,탱크·구역 내부를 도장 전에 확인하는 검사. 규칙상 모든 구역 대상,검사,E
검사,입회검사,立會檢査 / Witness,선주 감독관 또는 선급 검사원이 현장에 입회해 수행하는 검사,검사,E
검사,용도결정,用途決定,검사 판정 결과 코드. A(합격)와 R(불합격·재검사)로 표기,검사,G
검사,A,Accept,검사 합격 판정,검사,G
검사,R,Reject / Re-inspection,검사 불합격. 보수 후 재검 대상,검사,G
검사,재검,再檢 / Re-inspection,R 판정 후 보수를 거쳐 다시 받는 검사. 데이터상 원 검사와 별도 행으로 쌓이므로 분모가 시행 횟수 기준으로 늘어남,검사,C
검사,검사 차수,檢査次數 / Inspection round,같은 부위에 대한 몇 번째 검사인지(1차·2차). 이 구분이 데이터에 없으면 1차 R률을 셀 수 없음,검사,?
검사,선급,Classification Society,규칙 기준으로 선박을 검사·등록하는 기관. KR·DNV·LR·ABS 등,검사,E
검사,선주 감독관,Owner Supervisor,선주 측 현장 감독. 계약·사양 기준으로 검사,검사,G
곡직,선상가열,Line heating,선을 따라 가열해 변형을 교정하는 방법. 현업에서 가장 널리 사용,곡직,E
곡직,점가열,Spot heating,점 단위 가열. 특히 두께 5mm 이하 박판에 사용,곡직,E
곡직,격자가열,Grid heating,격자 패턴으로 가열해 면 변형을 교정,곡직,E
곡직,십자가열,Cross heating,십자 패턴 가열,곡직,E
곡직,역변형,Reverse deformation,용접 수축을 예상해 반대 방향으로 미리 변형을 부여하는 기법,취부,G
곡직,잔류응력,Residual stress,용접 후 구조물에 남는 내부 응력,곡직,E
정도,센터라인,C.L / Center Line,선체 폭 방향 중심 기준선,정도,E
정도,버트라인,B.L / Buttock Line,종방향 기준선,정도,E
정도,수선,W.L / Water Line,흘수 기준선. 지표에서 쓰는 W.L(작업량)과 약어 충돌 주의,정도,E
정도,마킹,Marking,정반·부재에 기준선·위치선·절단선·검사선을 표시하는 작업,배재,G
정도,여유,Margin / Excess,절단 여유와 수축 여유. 후공정 탑재 정도 확보용으로 미리 크게 잡는 값,정도,G
정도,수축 여유,Shrinkage margin,용접 수축량을 예상해 부여하는 여유,정도,G
정도,대각선 치수,Diagonal,블록 뒤틀림을 확인하는 계측 항목,정도,G
정도,토탈스테이션,Total Station,광학 계측기. 블록 주요점 좌표 계측,정도,G
정도,3D 스캐너,3D Scanner,블록 형상을 점군으로 계측하는 장비,정도,G
구조부재,론지,Longitudinal / 종통재,선체 길이 방향 보강재,소조립,E
구조부재,거더,Girder,주요 대형 보강 부재,소조립,E
구조부재,플로어,Floor,이중저 횡방향 부재,소조립,E
구조부재,웹,Web,형강·보강재의 수직판 부분,소조립,E
구조부재,브라켓,Bracket,부재 교차부를 보강하는 삼각·부채 형상 조각,소조립,E
구조부재,스티프너,Stiffener,판의 좌굴을 막는 보강재,소조립,E
구조부재,격벽,Bulkhead,구획을 나누는 벽 구조,중조립,E
구조부재,외판,Shell Plate,선체 외부를 이루는 판,중조립,E
구조부재,평블록,Flat Block,평면 중심의 블록. 중조립 산출물,중조립,E
구조부재,곡블록,Curved Block,곡면 외판으로 구성된 블록. 핀지그에서 조립,대조립,E
강재,일반강,Grade A/B/D/E,표준 조선용 강재 등급,전공종,E
강재,고장력강,AH/DH/EH 32·36,항복강도가 높은 강재. 입열·예열·층간온도 관리 엄격. 곡직 제한 대상,용접/곡직,G
안전,족장,足場 / Scaffold,고소 작업 발판. 설치 완료 전 용접·사상 착수 불가. 해체 전 반출 불가,전공종,G
안전,밀폐구역,Confined Space,입체블록 내부 등 산소결핍·유해가스 위험 구역,용접/사상,E
안전,합체 양중,2기 양중,크레인 2대를 동시에 사용하는 인양. 그 베이의 다른 양중이 정지,양중,G
안전,반전,Turn over / 전도,블록을 뒤집어 반대면을 작업하는 것. 하중 중심 이동 순간이 가장 위험,반출,G
생산관리,W.L,Work Load / 작업량,공수 환산 작업량. 설계 문서의 W.L(수선)과 구분 필요,생산관리,G
생산관리,Work Front,Work Front,선행 완료로 후행이 착수 가능해진 구간. 인력 배치 판단 기준,생산관리,G
생산관리,기성,旣成,완료 물량을 금액으로 환산한 값. 완료블럭 수 × 블럭당 금액,생산관리,G
생산관리,공수,工數 / Man-hour,투입 인시,생산관리,E
생산관리,조업도,操業度,t/man·day. 처리량 기준 가동 수준,생산관리,G
생산관리,원단위,原單位,단위 물량당 투입 자원,생산관리,G
생산관리,재공,WIP / 在工,공정 중에 머물러 있는 물량,생산관리,E
생산관리,물량정보,物量情報,호선·블럭·AREA·중량 등을 담은 마스터 데이터. 정도불량률의 과 배정에 사용,데이터,G
생산관리,AREA,AREA,공장·구역 코드. 과 배정의 기준이 되는 필드,데이터,G
생산관리,호선,號船 / Hull No.,선박 단위 식별 번호. 대외 반출물에는 사용 금지,데이터,G
생산관리,블럭,Block,조립 단위 구조체. 지표 집계의 기본 단위,데이터,G
생산관리,결품,缺品,배재 시점에 부재가 없는 상태. 취부 착수 불가의 직접 원인,배재,G
생산관리,적치장,Stock yard,블록을 임시로 쌓아두는 야외 구역,반출,G
